[
  {
    "cost": [
      {
        "type": "STONE",
        "counter": 2
      }
    ],
    "victoryPoint": 1,
    "inputResources": [
      {
        "type": "SERVANT",
        "counter": 1
      }
    ],
    "outputResources": [],
    "outputFaithPoint": 1,
    "colorLevel": "YELLOW1",
    "state": false,
    "imageURL": "/images/cards/developmentcards/developmentcard (4).png"
  },
  {
    "cost": [
      {
        "type": "SHIELD",
        "counter": 1
      },
      {
        "type": "STONE",
        "counter": 1
      },
      {
        "type": "COIN",
        "counter": 1
      }
    ],
    "victoryPoint": 2,
    "inputResources": [
      {
        "type": "SHIELD",
        "counter": 1
      }
    ],
    "outputResources": [
      {
        "type": "COIN",
        "counter": 1
      }
    ],
    "outputFaithPoint": 0,
    "colorLevel": "YELLOW1",
    "state": false,
    "imageURL": "/images/cards/developmentcards/developmentcard (8).png"
  },
  {
    "cost": [
      {
        "type": "STONE",
        "counter": 3
      }
    ],
    "victoryPoint": 3,
    "inputResources": [
      {
        "type": "SHIELD",
        "counter": 2
      }
    ],
    "outputResources": [
      {
        "type": "COIN",
        "counter": 1
      },
      {
        "type": "SERVANT",
        "counter": 1
      },
      {
        "type": "STONE",
        "counter": 1
      }
    ],
    "outputFaithPoint": 0,
    "colorLevel": "YELLOW1",
    "state": false,
    "imageURL": "/images/cards/developmentcards/developmentcard (12).png"
  },
  {
    "cost": [
      {
        "type": "STONE",
        "counter": 2
      },
      {
        "type": "SHIELD",
        "counter": 2
      }
    ],
    "victoryPoint": 4,
    "inputResources": [
      {
        "type": "COIN",
        "counter": 1
      },
      {
        "type": "SERVANT",
        "counter": 1
      }
    ],
    "outputResources": [
      {
        "type": "SHIELD",
        "counter": 2
      }
    ],
    "outputFaithPoint": 1,
    "colorLevel": "YELLOW1",
    "state": false,
    "imageURL": "/images/cards/developmentcards/developmentcard (16).png"
  }
]